"PPR_RK",PPR_TIERS,"PLAYER NAME",TEAM,"PPR_FAN PTS","PASS_YDS","PASS_TDS","REC","REC_YDS","REC_TDS","RUSH_ATT","RUSH_YDS","RUSH_TDS"
"1",1,"Christian McCaffrey",CAR,"127.5","0","0","37","343","1","99","442","1"
"2",1,"Jonathan Taylor",IND,"373.1","0","0","40","360","2","332","1811","18"
"3",1,"Austin Ekeler",LAC,"343.8","0","0","70","647","8","206","911","12"
"4",1,"Dalvin Cook",MIN,"206.3","0","0","34","224","0","249","1159","6"
"5",2,"Justin Jefferson",MIN,"330.4","0","0","108","1616","10","6","14","0"
"6",2,"Cooper Kupp",LAR,"439.5","0","0","145","1947","16","4","18","0"
"7",2,"Najee Harris",PIT,"300.7","0","0","74","467","3","307","1200","7"
"8",2,"Derrick Henry",TEN,"193.3","0","0","18","154","0","219","937","10"
"9",2,"Travis Kelce",KC,"262.8","0","0","92","1125","9","2","3","1"
"10",2,"Joe Mixon",CIN,"287.9","0","0","42","314","3","292","1205","13"
"11",2,"D'Andre Swift",DET,"208.9","0","0","62","452","2","151","617","5"
"12",2,"Ja'Marr Chase",CIN,"304.6","0","0","81","1455","13","7","21","0"
"13",3,"Stefon Diggs",BUF,"285.5","0","0","103","1225","10","0","0","0"
"14",3,"Davante Adams",LV,"344.3","0","0","123","1553","11","0","0","0"
"15",3,"Alvin Kamara",NO,"234.7","0","0","47","439","5","240","898","4"
"16",3,"Saquon Barkley",NYG,"148.6","0","0","41","263","2","162","593","2"
"17",3,"Aaron Jones",GB,"229","0","0","52","391","6","171","799","4"
"18",3,"CeeDee Lamb",DAL,"232.8","0","0","79","1102","6","9","76","0"
"19",3,"Leonard Fournette",TB,"255.6","0","0","69","454","2","180","812","8"
"20",3,"Mark Andrews",BAL,"301.1","0","0","107","1361","9","1","0","0"
"21",4,"Tyreek Hill",MIA,"296.5","0","0","111","1239","9","9","96","0"
"22",4,"Mike Evans",TB,"262.5","0","0","74","1035","14","1","10","0"
"23",4,"Javonte Williams",DEN,"204.9","0","0","43","316","3","203","903","4"
"24",4,"Keenan Allen",LAC,"257.8","0","0","106","1138","6","0","0","0"
"25",4,"Deebo Samuel",SF,"338.96","0","0","77","1405","6","59","365","8"
"26",4,"Michael Pittman Jr.",IND,"238.6","0","0","88","1082","6","5","44","0"
"27",4,"Nick Chubb",CLE,"215.3","0","0","20","174","1","228","1259","8"
"28",4,"Tee Higgins",CIN,"219.1","0","0","74","1091","6","0","0","0"
"29",4,"A.J. Brown",PHI,"180.9","0","0","63","869","5","2","10","0"
"30",4,"James Conner",ARI,"257.7","0","0","37","375","3","202","752","15"
"31",4,"Kyle Pitts",ATL,"176.6","0","0","68","1026","1","0","0","0"
"32",4,"DJ Moore",CAR,"237.5","0","0","93","1157","4","8","48","0"
"33",4,"Ezekiel Elliott",DAL,"252.06","0","0","47","287","2","237","1002","10"
"34",4,"Josh Allen",BUF,"417.58","4407","36","0","0","0","122","763","6"
"35",4,"Travis Etienne Jr.",JAC,"0","0","0","0","0","0","0","0","0"
"36",5,"Diontae Johnson",PIT,"274.4","0","0","107","1161","8","5","53","0"
"37",5,"David Montgomery",CHI,"196","0","0","42","301","0","225","849","7"
"38",5,"Jaylen Waddle",MIA,"245.8","0","0","104","1015","6","2","3","1"
"39",5,"Mike Williams",LAC,"246.6","0","0","76","1146","9","0","0","0"
"40",5,"Courtland Sutton",DEN,"150.24","0","0","58","776","2","0","0","0"
"41",5,"Breece Hall",NYJ,"0","0","0","0","0","0","0","0","0"
"42",5,"Terry McLaurin",WAS,"213.5","0","0","77","1053","5","1","12","0"
"43",5,"Justin Herbert",LAC,"395.76","5014","38","0","0","0","63","302","3"
"44",5,"Brandin Cooks",HOU,"231.8","0","0","90","1037","6","2","21","0"
"45",5,"Allen Robinson II",LAR,"87","0","0","38","410","1","0","0","0"
"46",5,"Cam Akers",LAR,"4.3","0","0","3","10","0","5","3","0"
"47",5,"Patrick Mahomes II",KC,"374.22","4828","37","0","0","0","66","381","2"
"48",5,"AJ Dillon",GB,"185.6","0","0","34","313","2","187","803","5"
"49",5,"George Kittle",SF,"198","0","0","71","910","6","3","20","0"
"50",5,"Lamar Jackson",BAL,"252.98","2882","16","0","0","0","134","767","2"
"51",5,"DK Metcalf",SEA,"244.3","0","0","75","967","12","1","6","0"
"52",6,"Elijah Mitchell",SF,"165","0","0","19","137","1","207","963","5"
"53",6,"Darren Waller",LV,"133.5","0","0","55","665","2","0","0","0"
"54",6,"Josh Jacobs",LV,"226","0","0","54","348","0","217","872","9"
"55",6,"Marquise Brown",ARI,"226.3","0","0","91","1008","6","1","5","0"
"56",6,"J.K. Dobbins",BAL,"0","0","0","0","0","0","0","0","0"
"57",6,"Darnell Mooney",CHI,"219.7","0","0","81","1055","4","6","32","1"
"58",6,"Chase Edmonds",MIA,"143.3","0","0","43","311","0","116","592","2"
"59",6,"Amon-Ra St. Brown",DET,"227.3","0","0","90","912","5","7","61","1"
"60",6,"Jerry Jeudy",DEN,"85","0","0","38","467","0","2","3","0"
"61",6,"Michael Thomas",NO,"0","0","0","0","0","0","0","0","0"
"62",6,"Rashod Bateman",BAL,"103.5","0","0","46","515","1","0","0","0"
"63",6,"Antonio Gibson",WAS,"229.1","0","0","42","294","3","258","1037","7"
"64",6,"Chris Godwin",TB,"242.4","0","0","98","1103","5","4","21","1"
"65",6,"Kyler Murray",ARI,"310.48","3787","24","0","0","0","88","423","5"
"66",6,"Dalton Schultz",DAL,"208.8","0","0","78","808","8","0","0","0"
"67",6,"Jalen Hurts",PHI,"321.16","3144","16","0","0","0","139","784","10"
"68",6,"JuJu Smith-Schuster",KC,"34.8","0","0","15","129","0","3","9","1"
"69",6,"Clyde Edwards-Helaire",KC,"116.5","0","0","19","118","2","119","517","4"
"70",6,"Amari Cooper",CLE,"202.5","0","0","68","865","8","0","0","0"
"71",6,"Kareem Hunt",CLE,"110","0","0","22","174","0","78","386","5"
"72",6,"Gabriel Davis",BUF,"125.9","0","0","35","549","6","0","0","0"
"73",6,"Elijah Moore",NYJ,"138.2","0","0","43","538","5","5","54","1"
"74",7,"Tony Pollard",DAL,"162.6","0","0","39","337","0","130","719","2"
"75",7,"Joe Burrow",CIN,"328.24","4611","34","0","0","0","40","118","2"
"76",7,"Dameon Pierce",HOU,"0","0","0","0","0","0","0","0","0"
"77",7,"Adam Thielen",MIN,"199.8","0","0","67","726","10","1","2","0"
"78",7,"Dallas Goedert",PHI,"165","0","0","56","830","4","0","0","0"
"79",7,"Rashaad Penny",SEA,"121.7","0","0","6","48","0","119","749","6"
"80",7,"Miles Sanders",PHI,"117.2","0","0","26","158","0","137","754","0"
"81",7,"Damien Harris",NE,"210.1","0","0","18","132","0","202","929","15"
"82",7,"Rhamondre Stevenson",NE,"114.9","0","0","14","123","0","133","606","5"
"83",7,"T.J. Hockenson",DET,"145.3","0","0","61","583","4","0","0","0"
"84",7,"Cordarrelle Patterson",ATL,"234.6","0","0","52","548","5","153","618","6"
"85",7,"Devin Singletary",BUF,"197.8","0","0","40","228","1","188","870","7"
"86",7,"Tom Brady",TB,"386.74","5316","43","0","0","0","28","81","2"
"87",7,"Russell Wilson",DEN,"248.82","3113","25","0","0","0","43","183","2"
"88",7,"Brandon Aiyuk",SF,"170.3","0","0","56","826","5","5","17","0"
"89",7,"DeVonta Smith",PHI,"185.6","0","0","64","916","5","0","0","0"
"90",7,"Hunter Renfrow",LV,"259.1","0","0","103","1038","9","3","3","0"
"91",7,"Dak Prescott",DAL,"330.56","4449","37","0","0","0","48","146","1"
"92",7,"Drake London",ATL,"0","0","0","0","0","0","0","0","0"
"93",7,"Christian Kirk",JAC,"207.62","0","0","77","982","5","1","11","0"
"94",7,"Melvin Gordon III",DEN,"195.2","0","0","28","213","2","203","918","8"
"95",7,"Zach Ertz",ARI,"180.7","0","0","74","763","5","1","4","0"
"96",7,"Allen Lazard",GB,"142.5","0","0","40","513","8","3","32","0"
"97",7,"Trey Lance",SF,"66.92","603","5","0","0","0","38","168","1"
"98",7,"Tyler Lockett",SEA,"241.4","0","0","73","1175","8","2","9","0"
"99",8,"Aaron Rodgers",GB,"337.3","4115","37","0","0","0","33","101","3"
"100",8,"Matthew Stafford",LAR,"346.74","4886","41","0","0","0","32","43","0"
"101",8,"Robert Woods",TEN,"137.2","0","0","45","556","4","8","46","1"
"102",8,"DeAndre Hopkins",ARI,"147.2","0","0","42","572","8","0","0","0"
"103",8,"Michael Carter",NYJ,"154.4","0","0","36","325","0","147","639","4"
"104",8,"James Cook",BUF,"0","0","0","0","0","0","0","0","0"
"105",8,"Nyheim Hines",IND,"112.6","0","0","40","310","1","56","276","2"
"106",8,"Cole Kmet",CHI,"121.2","0","0","60","612","0","1","0","0"
"107",8,"Ken Walker III",SEA,"0","0","0","0","0","0","0","0","0"
"108",8,"Kadarius Toney",NYG,"82.36","0","0","39","420","0","3","6","0"
"109",8,"Dawson Knox",BUF,"164.1","0","0","49","587","9","0","4","0"
"110",8,"Pat Freiermuth",PIT,"151.7","0","0","60","497","7","0","0","0"
"111",8,"Darrell Henderson Jr.",LAR,"163.4","0","0","29","176","3","149","688","5"
"112",8,"Kirk Cousins",MIN,"307.34","4221","33","0","0","0","29","115","1"
"113",8,"Derek Carr",LV,"270.96","4804","23","0","0","0","40","108","0"
"114",8,"Chris Olave",NO,"0","0","0","0","0","0","0","0","0"
"115",8,"Chase Claypool",PIT,"166.6","0","0","59","860","2","14","96","0"
"116",8,"Jakobi Meyers",NE,"186.3","0","0","83","866","2","1","9","0"
"117",8,"Tyler Boyd",CIN,"183.84","0","0","67","828","5","2","22","0"
"118",8,"J.D. McKissic",WAS,"127.9","0","0","43","397","2","48","212","2"
"119",8,"Alexander Mattison",MIN,"125.9","0","0","32","228","1","134","491","3"
"120",8,"James Robinson",JAC,"173.9","0","0","31","222","0","164","767","8"
"121",8,"Kenneth Gainwell",PHI,"123.4","0","0","33","253","1","68","291","5"
"122",8,"Treylon Burks",TEN,"0","0","0","0","0","0","0","0","0"
"123",8,"Russell Gage",TB,"163","0","0","66","770","4","0","0","0"
"124",8,"Garrett Wilson",NYJ,"0","0","0","0","0","0","0","0","0"
"125",8,"Skyy Moore",KC,"0","0","0","0","0","0","0","0","0"
"126",9,"Tua Tagovailoa",MIA,"190.92","2653","16","0","0","0","42","128","3"
"127",9,"Khalil Herbert",CHI,"78.9","0","0","14","96","0","103","433","2"
"128",9,"Jamaal Williams",DET,"119.8","0","0","26","157","0","153","601","3"
"129",9,"Hunter Henry",NE,"164.3","0","0","50","603","9","0","0","0"
"130",9,"DeVante Parker",NE,"103.5","0","0","40","515","2","0","0","0"
"131",9,"George Pickens",PIT,"0","0","0","0","0","0","0","0","0"
"132",9,"Rondale Moore",ARI,"109.1","0","0","54","435","1","18","76","0"
"133",9,"Marquez Valdes-Scantling",KC,"87","0","0","26","430","3","0","0","0"
"134",9,"Jarvis Landry",NO,"133","0","0","52","570","2","6","40","2"
"135",9,"Irv Smith Jr.",MIN,"0","0","0","0","0","0","0","0","0"
"136",9,"Mike Gesicki",MIA,"165","0","0","73","780","2","0","0","0"
"137",9,"Justin Fields",CHI,"136.8","1870","7","0","0","0","72","420","2"
"138",9,"Raheem Mostert",MIA,"2","0","0","0","0","0","2","20","0"
"139",9,"Albert Okwuegbunam",DEN,"76","0","0","33","330","2","0","0","0"
"140",9,"Michael Gallup",DAL,"91.5","0","0","35","445","2","0","0","0"
"141",9,"Rachaad White",TB,"0","0","0","0","0","0","0","0","0"
"142",9,"DJ Chark Jr.",DET,"34.4","0","0","7","154","2","0","0","0"
"143",9,"David Njoku",CLE,"107.6","0","0","36","475","4","1","1","0"
"144",9,"Trevor Lawrence",JAC,"216.04","3641","12","0","0","0","73","334","2"
"145",9,"Jahan Dotson",WAS,"0","0","0","0","0","0","0","0","0"
"146",9,"Tyler Allgeier",ATL,"0","0","0","0","0","0","0","0","0"
"147",9,"Noah Fant",SEA,"159","0","0","68","670","4","0","0","0"
"148",9,"Julio Jones",TB,"80.4","0","0","31","434","1","0","0","0"
"149",9,"Kenny Golladay",NYG,"89.1","0","0","37","521","0","0","0","0"
"150",9,"Tyler Higbee",LAR,"147","0","0","61","560","5","0","0","0"
"151",9,"Gerald Everett",LAC,"117.8","0","0","48","478","4","3","20","0"
"152",9,"Nico Collins",HOU,"83.6","0","0","33","446","1","0","0","0"
"153",9,"Robert Tonyan",GB,"50.4","0","0","18","204","2","0","0","0"
"154",9,"Jameis Winston",NO,"120.4","1170","14","0","0","0","32","166","1"
"155",9,"Isaiah Spiller",LAC,"0","0","0","0","0","0","0","0","0"
"156",9,"Evan Engram",JAC,"102.5","0","0","46","408","3","1","-3","0"
"157",9,"Joshua Palmer",LAC,"92.9","0","0","33","353","4","1","6","0"
"158",9,"Matt Ryan",IND,"234.92","3968","20","0","0","0","40","82","1"
"159",9,"Buffalo Bills",BUF,"151","0","0","0","0","0","0","0","0"
"160",9,"Austin Hooper",TEN,"92.5","0","0","38","345","3","0","0","0"
"161",9,"Tampa Bay Buccaneers",TB,"141","0","0","0","0","0","0","0","0"
"162",9,"Corey Davis",NYJ,"105.2","0","0","34","492","4","0","0","0"
"163",10,"Robbie Anderson",CAR,"138.5","0","0","53","519","5","3","36","0"
"164",10,"San Francisco 49ers",SF,"118","0","0","0","0","0","0","0","0"
"165",10,"Mecole Hardman",KC,"140.9","0","0","59","693","2","8","46","0"
"166",10,"Ryan Tannehill",TEN,"282.36","3734","21","0","0","0","55","270","7"
"167",10,"K.J. Osborn",MIN,"158.5","0","0","50","655","7","1","10","0"
"168",10,"Mark Ingram II",NO,"108.6","0","0","27","162","0","160","554","2"
"169",10,"Zamir White",LV,"0","0","0","0","0","0","0","0","0"
"170",10,"Indianapolis Colts",IND,"138","0","0","0","0","0","0","0","0"
"171",10,"Van Jefferson",LAR,"168.2","0","0","50","802","6","2","20","0"
"172",10,"Marvin Jones Jr.",JAC,"180.2","0","0","73","832","4","0","0","0"
"173",10,"Darrel Williams",ARI,"196","0","0","47","452","2","144","558","6"
"174",10,"Logan Thomas",WAS,"53.6","0","0","18","196","3","0","0","0"
"175",10,"Justin Tucker",BAL,"162","0","0","0","0","0","0","0","0"
"176",10,"Denver Broncos",DEN,"119","0","0","0","0","0","0","0","0"
"177",10,"New Orleans Saints",NO,"145","0","0","0","0","0","0","0","0"
"178",10,"Hayden Hurst",CIN,"64.1","0","0","26","221","3","0","0","0"
"179",10,"Jalen Tolbert",DAL,"0","0","0","0","0","0","0","0","0"
"180",10,"Jameson Williams",DET,"0","0","0","0","0","0","0","0","0"
"181",10,"Wan'Dale Robinson",NYG,"0","0","0","0","0","0","0","0","0"
"182",10,"Daniel Jones",NYG,"174.52","2428","10","0","0","0","62","298","2"
"183",10,"Los Angeles Rams",LAR,"121","0","0","0","0","0","0","0","0"
"184",10,"Mac Jones",NE,"237.94","3801","22","0","0","0","44","129","0"
"185",10,"New England Patriots",NE,"158","0","0","0","0","0","0","0","0"
"186",10,"Tyler Bass",BUF,"143","0","0","0","0","0","0","0","0"
"187",10,"Christian Watson",GB,"0","0","0","0","0","0","0","0","0"
"188",10,"Isaiah McKenzie",BUF,"52.5","0","0","20","178","1","9","47","1"
"189",10,"Brian Robinson Jr.",WAS,"0","0","0","0","0","0","0","0","0"
"190",10,"Parris Campbell",IND,"32.2","0","0","10","162","1","0","0","0"
"191",10,"Matt Gay",LAR,"159","0","0","0","0","0","0","0","0"
"192",10,"D'Onta Foreman",CAR,"93.9","0","0","9","123","0","133","566","3"
"193",10,"Isiah Pacheco",KC,"0","0","0","0","0","0","0","0","0"
"194",10,"KJ Hamler",DEN,"12.4","0","0","5","74","0","0","0","0"
"195",10,"Dallas Cowboys",DAL,"185","0","0","0","0","0","0","0","0"
"196",10,"Gus Edwards",BAL,"0","0","0","0","0","0","0","0","0"
"197",10,"Samaje Perine",CIN,"83.2","0","0","27","196","1","55","246","1"
"198",10,"Jerick McKinnon",KC,"35.9","0","0","13","107","1","12","62","0"
"199",10,"Los Angeles Chargers",LAC,"78","0","0","0","0","0","0","0","0"
"200",10,"Alec Pierce",IND,"0","0","0","0","0","0","0","0","0"
"201",10,"Evan McPherson",CIN,"154","0","0","0","0","0","0","0","0"
"202",10,"Jamison Crowder",BUF,"109.7","0","0","51","447","2","0","0","0"
"203",10,"Brevin Jordan",HOU,"55.8","0","0","20","178","3","0","0","0"
"204",10,"Sterling Shepard",NYG,"77.7","0","0","36","366","1","1","-9","0"
"205",10,"Curtis Samuel",WAS,"9.8","0","0","6","27","0","4","11","0"
"206",11,"Carson Wentz",WAS,"265.02","3563","27","0","0","0","57","215","1"
"207",11,"Romeo Doubs",GB,"0","0","0","0","0","0","0","0","0"
"208",11,"Donovan Peoples-Jones",CLE,"109.7","0","0","34","597","3","0","0","0"
"209",11,"Daniel Carlson",LV,"174","0","0","0","0","0","0","0","0"
"210",11,"Boston Scott",PHI,"98.6","0","0","13","83","0","87","373","7"
"211",11,"Miami Dolphins",MIA,"155","0","0","0","0","0","0","0","0"
"212",11,"Ronald Jones II",KC,"79.2","0","0","10","64","0","101","428","4"
"213",11,"Green Bay Packers",GB,"117","0","0","0","0","0","0","0","0"
"214",11,"Jared Goff",DET,"202.5","3245","19","0","0","0","17","87","0"
"215",11,"David Bell",CLE,"0","0","0","0","0","0","0","0","0"
"216",11,"Jeff Wilson Jr.",SF,"51.5","0","0","7","31","0","79","294","2"
"217",11,"Kansas City Chiefs",KC,"131","0","0","0","0","0","0","0","0"
"218",11,"Ryan Succop",TB,"138","0","0","0","0","0","0","0","0"
"219",11,"Kendrick Bourne",NE,"180.5","0","0","55","800","5","12","125","0"
"220",11,"Chuba Hubbard",CAR,"137.6","0","0","25","174","1","172","612","5"
"221",11,"Harrison Butker",KC,"140","0","0","0","0","0","0","0","0"
"222",11,"Zach Wilson",NYJ,"162.86","2334","9","0","0","0","29","185","4"
"223",11,"Damien Williams",ATL,"60.7","0","0","16","103","1","40","164","2"
"224",11,"A.J. Green",ARI,"156.8","0","0","54","848","3","0","0","0"
"225",11,"Mo Alie-Cox",IND,"79.6","0","0","24","316","4","0","0","0"
"226",11,"Matt Prater",ARI,"154","0","0","0","0","0","0","0","0"
"227",11,"Cleveland Browns",CLE,"104","0","0","0","0","0","0","0","0"
"228",11,"Baker Mayfield",CAR,"193.9","3010","17","0","0","0","37","134","1"
"229",11,"Baltimore Ravens",BAL,"85","0","0","0","0","0","0","0","0"
"230",11,"Tyrion Davis-Price",SF,"0","0","0","0","0","0","0","0","0"
"231",11,"Philadelphia Eagles",PHI,"111","0","0","0","0","0","0","0","0"
"232",11,"Zay Jones",JAC,"105.9","0","0","47","546","1","2","3","0"
"233",11,"D'Ernest Johnson",CLE,"104.1","0","0","19","137","0","100","534","3"
"234",11,"Rex Burkhead",HOU,"104.3","0","0","25","186","0","122","427","3"
"235",11,"Jonnu Smith",NE,"67.4","0","0","28","294","1","9","40","0"
"236",11,"Sony Michel",LAC,"146.3","0","0","21","128","1","208","845","4"
"237",11,"Laviska Shenault Jr.",CAR,"127","0","0","63","619","0","11","41","0"
"238",11,"Mike Davis",BAL,"138.2","0","0","44","259","1","138","503","3"
"239",11,"Rodrigo Blankenship",IND,"45","0","0","0","0","0","0","0","0"
"240",11,"Pittsburgh Steelers",PIT,"111","0","0","0","0","0","0","0","0"
"241",11,"Jason Sanders",MIA,"115","0","0","0","0","0","0","0","0"
"242",11,"Braxton Berrios",NYJ,"121.1","0","0","46","431","2","7","40","2"
"243",11,"Younghoe Koo",ATL,"125","0","0","0","0","0","0","0","0"
"244",11,"Terrace Marshall Jr.",CAR,"32.8","0","0","17","138","0","0","0","0"
"245",11,"Davis Mills",HOU,"166.96","2664","16","0","0","0","18","44","0"
"246",11,"Byron Pringle",CHI,"126.8","0","0","42","568","5","0","0","0"
"247",11,"Kenyan Drake",BAL,"102.5","0","0","30","291","1","63","254","2"
"248",11,"Brandon McManus",DEN,"129","0","0","0","0","0","0","0","0"
"249",11,"Arizona Cardinals",ARI,"126","0","0","0","0","0","0","0","0"
"250",11,"Nick Folk",NE,"171","0","0","0","0","0","0","0","0"
"251",11,"Zack Moss",BUF,"105.2","0","0","23","197","1","96","345","4"
"252",11,"Randall Cobb",GB,"93.6","0","0","28","375","5","1","1","0"
"253",11,"Marlon Mack",HOU,"12.9","0","0","2","8","0","28","101","0"
"254",11,"Robbie Gould",SF,"112","0","0","0","0","0","0","0","0"
"255",11,"Tennessee Titans",TEN,"123","0","0","0","0","0","0","0","0"
"256",11,"Adam Trautman",NO,"63.3","0","0","27","263","2","0","0","0"
"257",12,"Jake Elliott",PHI,"150","0","0","0","0","0","0","0","0"
"258",12,"Bryan Edwards",ATL,"109.1","0","0","34","571","3","1","0","0"
"259",12,"Sammy Watkins",GB,"70.4","0","0","27","394","1","0","0","0"
"260",12,"Cincinnati Bengals",CIN,"108","0","0","0","0","0","0","0","0"
"261",12,"Dustin Hopkins",LAC,"147","0","0","0","0","0","0","0","0"
"262",12,"Trey Sermon",FA,"28.3","0","0","3","26","0","41","167","1"
"263",12,"Myles Gaskin",MIA,"173.6","0","0","49","234","4","173","612","3"
"264",12,"Marcus Mariota",ATL,"14.86","4","0","0","0","0","13","87","1"
"265",12,"Eno Benjamin",ARI,"28","0","0","6","42","0","34","118","1"
"266",12,"Carolina Panthers",CAR,"89","0","0","0","0","0","0","0","0"
"267",12,"Cameron Brate",TB,"78.5","0","0","30","245","4","0","0","0"
"268",12,"Cedrick Wilson Jr.",MIA,"147.82","0","0","45","602","6","2","11","0"
"269",12,"C.J. Uzomah",NYJ,"128.3","0","0","49","493","5","0","0","0"
"270",12,"Nelson Agholor",NE,"103.4","0","0","37","473","3","3","11","0"
"271",12,"Minnesota Vikings",MIN,"124","0","0","0","0","0","0","0","0"
"272",12,"Wil Lutz",NO,"0","0","0","0","0","0","0","0","0"
"273",12,"Greg Zuerlein",NYJ,"140","0","0","0","0","0","0","0","0"
"274",12,"Chris Evans",CIN,"49.8","0","0","15","151","2","17","77","0"
"275",12,"Dan Arnold",JAC,"75.8","0","0","35","408","0","0","0","0"
"276",12,"Chris Boswell",PIT,"162","0","0","0","0","0","0","0","0"
"277",12,"Mason Crosby",GB,"134","0","0","0","0","0","0","0","0"
"278",12,"Marquez Callaway",NO,"151.8","0","0","46","698","6","0","0","0"
"279",12,"Greg Joseph",MIN,"156","0","0","0","0","0","0","0","0"
"280",12,"Matt Breida",NYG,"42.7","0","0","7","72","2","26","125","1"
"281",12,"Chicago Bears",CHI,"105","0","0","0","0","0","0","0","0"
"282",12,"Washington Commanders",WAS,"92","0","0","0","0","0","0","0","0"
"283",12,"Ameer Abdullah",LV,"89.5","0","0","38","289","1","51","166","0"
"284",12,"Trey McBride",ARI,"0","0","0","0","0","0","0","0","0"
"285",12,"Graham Gano",NYG,"123","0","0","0","0","0","0","0","0"
"286",12,"Deshaun Watson",CLE,"0","0","0","0","0","0","0","0","0"
"287",12,"William Fuller V",FA,"8.6","0","0","4","26","0","0","0","0"
"288",12,"Jason Myers",SEA,"104","0","0","0","0","0","0","0","0"
"289",12,"Mitch Trubisky",PIT,"9.12","43","0","0","0","0","13","24","1"
"290",12,"Joshua Kelley",LAC,"17","0","0","5","38","0","33","102","0"
"291",12,"New York Giants",NYG,"86","0","0","0","0","0","0","0","0"
"292",12,"Quez Watkins",PHI,"116","0","0","43","647","1","1","3","0"
"293",12,"Dontrell Hilliard",TEN,"72.7","0","0","19","87","0","56","350","2"
"294",12,"Odell Beckham Jr.",FA,"129.1","0","0","44","537","5","2","14","0"
"295",12,"Hassan Haskins",TEN,"0","0","0","0","0","0","0","0","0"
"296",12,"Josh Reynolds",DET,"80.6","0","0","29","396","2","0","0","0"
"297",12,"Tre'Quan Smith",NO,"87.7","0","0","32","377","3","0","0","0"
"298",12,"Velus Jones Jr.",CHI,"0","0","0","0","0","0","0","0","0"
"299",12,"Nick Westbrook-Ikhine",TEN,"107.6","0","0","38","476","4","0","0","0"
"300",12,"Cairo Santos",CHI,"116","0","0","0","0","0","0","0","0"
"301",12,"Randy Bullock",TEN,"130","0","0","0","0","0","0","0","0"
"302",12,"New York Jets",NYJ,"58","0","0","0","0","0","0","0","0"
"303",12,"Darius Slayton",NYG,"68.6","0","0","26","339","2","1","-13","0"
"304",12,"Ke'Shawn Vaughn",TB,"36.6","0","0","4","26","0","36","180","2"
"305",12,"Kyle Rudolph",TB,"59.7","0","0","26","257","1","0","0","0"
"306",12,"Seattle Seahawks",SEA,"95","0","0","0","0","0","0","0","0"
"307",12,"Giovani Bernard",TB,"59.1","0","0","23","123","3","8","58","0"
"308",12,"Devin Duvernay",BAL,"77.2","0","0","33","272","2","7","50","0"
"309",12,"Ka'imi Fairbairn",HOU,"68","0","0","0","0","0","0","0","0"
"310",13,"Ty Johnson",NYJ,"117","0","0","34","372","2","61","238","2"
"311",13,"Tyler Conklin",NYJ,"138.3","0","0","61","593","3","0","0","0"
"312",13,"Jalen Reagor",MIN,"78.1","0","0","33","299","2","10","32","0"
"313",13,"Kyren Williams",LAR,"0","0","0","0","0","0","0","0","0"
"314",13,"O.J. Howard",FA,"33.5","0","0","14","135","1","0","0","0"
"315",13,"Daniel Bellinger",NYG,"0","0","0","0","0","0","0","0","0"
"316",13,"Pierre Strong Jr.",NE,"0","0","0","0","0","0","0","0","0"
"317",13,"Isaiah Likely",BAL,"0","0","0","0","0","0","0","0","0"
"318",13,"Jacksonville Jaguars",JAC,"64","0","0","0","0","0","0","0","0"
"319",13,"Greg Dulcich",DEN,"0","0","0","0","0","0","0","0","0"
"320",13,"Kyle Philips",TEN,"0","0","0","0","0","0","0","0","0"
"321",13,"Kenny Pickett",PIT,"0","0","0","0","0","0","0","0","0"
"322",13,"Quintez Cephus",DET,"49.4","0","0","15","204","2","0","0","0"
"323",13,"Dyami Brown",WAS,"28.1","0","0","12","165","0","1","-4","0"
"324",13,"Jacoby Brissett",CLE,"76.32","1283","5","0","0","0","19","70","1"
"325",13,"Geno Smith",SEA,"55.28","702","5","0","0","0","9","42","1"
"326",13,"Harrison Bryant",CLE,"62.3","0","0","21","233","3","0","0","0"
"327",13,"Tommy Tremble",CAR,"53.1","0","0","20","180","1","3","11","1"
"328",13,"Darrynton Evans",CHI,"3.8","0","0","2","11","0","2","7","0"
"329",13,"Salvon Ahmed",MIA,"38.6","0","0","12","117","0","54","149","0"
"330",13,"Justin Jackson",DET,"86.2","0","0","22","178","0","68","364","2"
"331",13,"Phillip Lindsay",FA,"45.4","0","0","4","45","1","88","249","1"
"332",13,"Jimmy Garoppolo",SF,"239.5","3810","20","0","0","0","38","51","3"
"333",13,"Jaylen Warren",PIT,"0","0","0","0","0","0","0","0","0"
"334",13,"Drew Lock",SEA,"53.88","787","2","0","0","0","10","53","2"
"335",13,"Jerome Ford",CLE,"0","0","0","0","0","0","0","0","0"
"336",13,"James Proche II",BAL,"36.2","0","0","16","202","0","0","0","0"
"337",13,"Ty Montgomery",NE,"29.9","0","0","16","95","0","15","44","0"
"338",13,"Emmanuel Sanders",FA,"131.7","0","0","42","626","4","2","31","0"
"339",13,"Snoop Conner",JAC,"0","0","0","0","0","0","0","0","0"
"340",13,"Chase McLaughlin",FA,"93","0","0","0","0","0","0","0","0"
"341",13,"Las Vegas Raiders",LV,"65","0","0","0","0","0","0","0","0"
"342",13,"Khalil Shakir",BUF,"0","0","0","0","0","0","0","0","0"
"343",13,"Duke Johnson Jr.",BUF,"59.1","0","0","4","41","0","71","330","3"
"344",13,"Donald Parham Jr.",LAC,"59","0","0","20","190","3","0","0","0"
"345",13,"Cole Beasley",FA,"159.3","0","0","82","693","1","0","0","0"
"346",13,"Jalen Guyton",LAC,"97.2","0","0","31","448","3","7","34","0"
"347",13,"Josh Lambo",FA,"5","0","0","0","0","0","0","0","0"
"348",13,"Cade York",CLE,"0","0","0","0","0","0","0","0","0"
"349",13,"Tyler Badie",BAL,"0","0","0","0","0","0","0","0","0"
"350",13,"Foster Moreau",LV,"85.3","0","0","30","373","3","0","0","0"
"351",13,"Olamide Zaccheaus",ATL,"89.8","0","0","31","406","3","1","2","0"
"352",13,"Danny Gray",SF,"0","0","0","0","0","0","0","0","0"
"353",13,"Travis Homer",SEA,"61.8","0","0","16","161","0","21","177","1"
"354",13,"Tyquan Thornton",NE,"0","0","0","0","0","0","0","0","0"
"355",13,"DeeJay Dallas",SEA,"60.1","0","0","21","133","0","33","138","2"
"356",13,"Jelani Woods",IND,"0","0","0","0","0","0","0","0","0"
"357",13,"Tevin Coleman",FA,"51.5","0","0","11","49","0","84","356","0"
"358",13,"Brett Maher",DAL,"62","0","0","0","0","0","0","0","0"
"359",14,"Jared Cook",FA,"132.4","0","0","48","564","4","0","0","0"
"360",14,"Calvin Austin III",PIT,"0","0","0","0","0","0","0","0","0"
"361",14,"Desmond Ridder",ATL,"0","0","0","0","0","0","0","0","0"
"362",14,"Detroit Lions",DET,"58","0","0","0","0","0","0","0","0"
"363",14,"Amari Rodgers",GB,"9.6","0","0","4","45","0","1","11","0"
"364",14,"Jaret Patterson",WAS,"55.9","0","0","10","73","0","68","266","2"
"365",14,"Demarcus Robinson",BAL,"69.4","0","0","25","264","3","0","0","0"
"366",14,"John Metchie III",HOU,"0","0","0","0","0","0","0","0","0"
"367",14,"David Johnson",FA,"81.3","0","0","32","225","1","67","228","0"
"368",14,"T.Y. Hilton",FA,"74.1","0","0","23","331","3","0","0","0"
"369",14,"Anthony Firkser",ATL,"73.1","0","0","34","291","2","0","0","0"
"370",14,"Cade Otton",TB,"0","0","0","0","0","0","0","0","0"
"371",14,"Atlanta Falcons",ATL,"65","0","0","0","0","0","0","0","0"
"372",14,"Taysom Hill",NO,"126.72","0","0","4","52","0","70","374","5"
"373",14,"Rashard Higgins",CAR,"57.5","0","0","24","275","1","0","0","0"
"374",14,"Brandon Bolden",LV,"124.1","0","0","41","405","2","44","226","1"
"375",14,"Jauan Jennings",SF,"82.2","0","0","24","282","5","0","0","0"
"376",14,"Joey Slye",WAS,"100","0","0","0","0","0","0","0","0"
"377",14,"Noah Brown",DAL,"34.4","0","0","16","184","0","0","0","0"
"378",14,"John Bates",WAS,"50.9","0","0","20","249","1","0","0","0"
"379",14,"James Washington",DAL,"65.8","0","0","24","285","2","2","13","0"
"380",14,"Sam Darnold",CAR,"170.28","2527","9","0","0","0","48","222","5"
"381",14,"Keaontay Ingram",ARI,"0","0","0","0","0","0","0","0","0"
"382",14,"Latavius Murray",FA,"103.6","0","0","10","75","0","119","501","6"
"383",14,"Equanimeous St. Brown",CHI,"20.2","0","0","9","98","0","3","14","0"
"384",14,"Malcolm Brown",FA,"22.5","0","0","3","10","0","33","125","1"
"385",14,"Kene Nwangwu",MIN,"23","0","0","4","9","0","13","61","0"
"386",14,"Kylen Granson",IND,"21.6","0","0","11","106","0","0","0","0"
"387",14,"Devontae Booker",FA,"144.1","0","0","40","268","1","145","593","2"
"388",14,"Dee Eskridge",SEA,"28.3","0","0","10","64","1","4","59","0"
"389",14,"Chris Conley",HOU,"64.6","0","0","22","323","2","1","3","0"
"390",14,"Houston Texans",HOU,"87","0","0","0","0","0","0","0","0"
"391",14,"Austin Seibert",DET,"42","0","0","0","0","0","0","0","0"
"392",14,"Anthony Schwartz",CLE,"33.4","0","0","10","135","1","6","39","0"
"393",14,"Josiah Deguara",GB,"61.5","0","0","25","245","2","0","0","0"
"394",14,"Devonta Freeman",FA,"146.6","0","0","34","190","1","133","576","5"
"395",14,"Trestan Ebner",CHI,"0","0","0","0","0","0","0","0","0"
"396",14,"Wayne Gallman Jr.",FA,"13.5","0","0","1","21","0","28","104","0"
"397",14,"Pharaoh Brown",HOU,"38.1","0","0","23","171","0","0","0","0"
"398",14,"Benny Snell Jr.",PIT,"13.1","0","0","2","13","0","36","98","0"
"399",14,"Zach Pascal",PHI,"94.5","0","0","38","384","3","2","21","0"
"400",14,"Craig Reynolds",DET,"35.2","0","0","7","52","0","55","230","0"
"401",14,"Tyler Johnson",HOU,"72","0","0","36","360","0","0","0","0"
"402",14,"Malik Willis",TEN,"0","0","0","0","0","0","0","0","0"
"403",14,"Justin Watson",KC,"0","0","0","0","0","0","0","0","0"
"404",14,"Will Dissly",SEA,"50.1","0","0","21","231","1","0","0","0"
"405",14,"Kyle Juszczyk",SF,"73.8","0","0","30","296","1","8","22","1"
"406",14,"Ashton Dulin",IND,"45.5","0","0","13","173","2","3","32","0"
"407",14,"Mack Hollins",LV,"60.3","0","0","14","223","4","0","0","0"
"408",14,"Ty Chandler",MIN,"0","0","0","0","0","0","0","0","0"
"409",14,"Tutu Atwell",LAR,"0","0","0","0","0","0","0","0","0"
"410",14,"Demetric Felton Jr.",CLE,"50.5","0","0","18","181","2","7","24","0"
"411",14,"Juwan Johnson",NO,"52.9","0","0","13","159","4","0","0","0"
"412",14,"Laquon Treadwell",FA,"82.4","0","0","33","434","1","0","0","0"
"413",14,"Geoff Swaim",TEN,"70","0","0","31","210","3","0","0","0"
"414",14,"Deonte Harty",NO,"113.1","0","0","36","570","3","5","41","0"
"415",14,"Tristan Vizcaino",FA,"29","0","0","0","0","0","0","0","0"
"416",14,"Jordan Mason",SF,"0","0","0","0","0","0","0","0","0"
"417",14,"Jonathan Garibay",FA,"0","0","0","0","0","0","0","0","0"
"418",14,"Tony Jones Jr.",NO,"22.1","0","0","5","29","0","54","142","0"
"419",14,"Phillip Dorsett II",HOU,"18","0","0","7","110","0","1","0","0"
"420",15,"Jamal Agnew",JAC,"76","0","0","24","229","1","7","111","1"
"421",15,"Ben Skowronek",LAR,"24.3","0","0","11","133","0","0","0","0"
"422",15,"Durham Smythe",MIA,"70","0","0","34","357","0","2","3","0"
"423",15,"Teddy Bridgewater",MIA,"209.68","3052","18","0","0","0","30","106","2"
"424",15,"Tylan Wallace",BAL,"4.3","0","0","2","23","0","0","0","0"
"425",15,"Denzel Mims",NYJ,"21.3","0","0","8","133","0","0","0","0"
"426",15,"Jeremy Ruckert",NYJ,"0","0","0","0","0","0","0","0","0"
"427",15,"Antonio Brown",FA,"121.1","0","0","42","545","4","1","6","0"
"428",15,"Jake Ferguson",DAL,"0","0","0","0","0","0","0","0","0"
"429",15,"Chris Moore",HOU,"55.7","0","0","21","227","2","0","0","0"
"430",15,"Ian Thomas",CAR,"36.8","0","0","18","188","0","0","0","0"
"431",15,"N'Keal Harry",CHI,"28.4","0","0","12","184","0","0","0","0"
"432",15,"Kylin Hill",GB,"3.9","0","0","1","5","0","10","24","0"
"433",15,"Mike Boone",DEN,"7.7","0","0","2","22","0","4","35","0"
"434",15,"Ihmir Smith-Marsette",FA,"28.6","0","0","5","116","2","0","0","0"
"435",15,"Joe Flacco",NYJ,"23.82","338","3","0","0","0","2","3","0"
"436",15,"Riley Patterson",JAC,"59","0","0","0","0","0","0","0","0"
"437",15,"JaMycal Hasty",JAC,"49.5","0","0","23","157","0","16","68","1"
"438",15,"Keelan Cole Sr.",FA,"78.9","0","0","28","449","1","0","0","0"
"439",15,"Abram Smith",FA,"0","0","0","0","0","0","0","0","0"
"440",15,"Dare Ogunbowale",HOU,"50.1","0","0","13","114","1","43","137","1"
"441",15,"Antoine Wesley",ARI,"57.8","0","0","19","208","3","0","0","0"
"442",15,"Kalif Raymond",DET,"132.4","0","0","48","576","4","4","28","0"
"443",15,"Ryan Griffin",CHI,"65.1","0","0","27","261","2","0","0","0"
"444",15,"Anthony McFarland Jr.",PIT,"2.4","0","0","1","11","0","3","3","0"
"445",15,"Chigoziem Okonkwo",TEN,"0","0","0","0","0","0","0","0","0"
"446",15,"Carlos Hyde",FA,"45.8","0","0","12","65","0","72","253","1"
"447",15,"Justice Hill",BAL,"0","0","0","0","0","0","0","0","0"
"448",15,"Blake Jarwin",FA,"32.6","0","0","11","96","2","0","0","0"
"449",15,"Freddie Swain",FA,"86.5","0","0","25","343","4","5","32","0"
"450",15,"Sam Howell",WAS,"0","0","0","0","0","0","0","0","0"
"451",15,"Quinn Nordin",FA,"0","0","0","0","0","0","0","0","0"
"452",15,"DeSean Jackson",FA,"75.8","0","0","20","454","2","1","4","0"
"453",15,"C.J. Ham",MIN,"32.9","0","0","17","125","0","7","34","0"
"454",15,"Eddy Pineiro",CAR,"38","0","0","0","0","0","0","0","0"
"455",15,"Larry Rountree III",FA,"15.6","0","0","1","-1","0","36","87","1"
"456",15,"Tarik Cohen",FA,"0","0","0","0","0","0","0","0","0"
"457",15,"Auden Tate",FA,"12.9","0","0","3","39","1","0","0","0"
"458",15,"Patrick Ricard",BAL,"20.7","0","0","8","63","1","2","4","0"
"459",15,"Simi Fehoko",DAL,"0","0","0","0","0","0","0","0","0"
"460",15,"Derrick Gore",FA,"56.1","0","0","8","105","0","51","256","2"
"461",15,"Royce Freeman",HOU,"34.6","0","0","10","77","0","56","169","0"
"462",15,"Charlie Kolar",BAL,"0","0","0","0","0","0","0","0","0"
"463",15,"James McCourt",FA,"0","0","0","0","0","0","0","0","0"
"464",15,"Tyrell Williams",FA,"3.4","0","0","2","14","0","0","0","0"
"465",15,"Justyn Ross",KC,"0","0","0","0","0","0","0","0","0"
"466",15,"Qadree Ollison",DAL,"19.7","0","0","4","12","0","21","105","1"
"467",15,"Bo Melton",SEA,"0","0","0","0","0","0","0","0","0"
"468",15,"Gardner Minshew II",PHI,"34.66","439","4","0","0","0","9","21","0"
"469",15,"Julius Chestnut",TEN,"0","0","0","0","0","0","0","0","0"
"470",15,"Breshad Perriman",TB,"33.4","0","0","11","167","1","1","-3","0"
"471",15,"Noah Gray",KC,"16.6","0","0","7","36","1","0","0","0"
"472",15,"Chris Herndon IV",FA,"14","0","0","4","40","1","0","0","0"
"473",15,"Jeremy McNichols",PIT,"73.6","0","0","28","240","1","41","156","0"
"474",15,"Dez Fitzpatrick",TEN,"15.9","0","0","5","49","1","0","0","0"
"475",15,"Jordan Akins",HOU,"41.7","0","0","24","214","0","1","3","0"
"476",15,"Eric Ebron",FA,"32.5","0","0","12","84","1","1","1","1"
"477",15,"Kevin Harris",NE,"0","0","0","0","0","0","0","0","0"
"478",15,"Tyler Huntley",BAL,"86.64","1081","3","0","0","0","47","294","2"
"479",15,"Jonathan Williams",WAS,"20.7","0","0","4","28","0","17","79","1"
"480",15,"Le'Veon Bell",FA,"38.1","0","0","5","30","1","39","101","2"
"481",15,"Lance McCutcheon",LAR,"0","0","0","0","0","0","0","0","0"
"482",15,"Antonio Williams",NYG,"0","0","0","0","0","0","0","0","0"
"483",15,"Jonathan Ward",ARI,"9.7","0","0","3","34","0","9","33","0"
"484",15,"Deon Jackson",IND,"9.1","0","0","0","0","0","13","31","1"
"485",15,"Gary Brightwell",NYG,"2","0","0","1","6","0","1","4","0"
"486",15,"Erik Ezukanma",MIA,"0","0","0","0","0","0","0","0","0"
"487",15,"Dennis Houston",DAL,"0","0","0","0","0","0","0","0","0"
"488",15,"Jashaun Corbin",NYG,"0","0","0","0","0","0","0","0","0"
"489",15,"Maxx Williams",ARI,"41.3","0","0","16","193","1","0","0","0"
"490",15,"Kennedy Brooks",PHI,"0","0","0","0","0","0","0","0","0"
"491",15,"Tyler Kroft",SF,"39.3","0","0","16","173","1","0","0","0"
"492",15,"Tyrod Taylor",NYG,"86.74","966","5","0","0","0","19","151","3"
"493",15,"James O'Shaughnessy",FA,"50.4","0","0","24","244","0","0","0","0"
"494",15,"Jimmy Graham",FA,"50.7","0","0","14","167","3","0","0","0"
"495",15,"Jacob Harris",LAR,"0","0","0","0","0","0","0","0","0"
"496",15,"Carlos Martinez",DAL,"0","0","0","0","0","0","0","0","0"
"497",15,"Drew Sample",CIN,"19.1","0","0","11","81","0","0","0","0"
"498",15,"Miles Boykin",PIT,"1.6","0","0","1","6","0","0","0","0"
"499",15,"Nick Vannett",NO,"28.3","0","0","9","133","1","0","0","0"
"500",15,"Jalen Wydermyer",NE,"0","0","0","0","0","0","0","0","0"
"501",15,"Jermar Jefferson",FA,"25.7","0","0","4","23","0","15","74","2"
"502",15,"Alec Ingold",MIA,"24.6","0","0","10","85","1","2","1","0"
"503",15,"Montrell Washington",DEN,"0","0","0","0","0","0","0","0","0"
"504",15,"Tre' McKitty",LAC,"10.5","0","0","6","45","0","0","0","0"
"505",15,"Blake Bell",KC,"18.7","0","0","9","87","0","4","10","0"
"506",15,"Ryan Santoso",FA,"18","0","0","0","0","0","0","0","0"
"507",15,"Trent Sherfield",MIA,"23.7","0","0","9","87","1","0","0","0"
"508",15,"Brycen Hopkins",LAR,"1.9","0","0","1","9","0","0","0","0"
"509",15,"Tyler Davis",GB,"7.5","0","0","4","35","0","0","0","0"
"510",15,"Brock Wright",DET,"35.7","0","0","12","117","2","0","0","0"
"511",15,"Ray-Ray McCloud",SF,"66.2","0","0","39","277","0","2","15","0"
"512",15,"Jordan Howard",FA,"62.5","0","0","2","19","0","86","406","3"
"513",15,"Godwin Igwebuike",FA,"18","0","0","7","60","0","18","118","1"
"514",15,"KaVontae Turpin",DAL,"0","0","0","0","0","0","0","0","0"
"515",16,"Jake Funk",LAR,"0.5","0","0","0","0","0","2","5","0"
"516",16,"Zach Gentry",PIT,"35.7","0","0","19","167","0","0","0","0"
"517",16,"Rico Dowdle",DAL,"0","0","0","0","0","0","0","0","0"
"518",16,"Damiere Byrd",ATL,"64.9","0","0","26","329","1","0","0","0"
"519",16,"Trayveon Williams",FA,"6.5","0","0","1","4","0","15","51","0"
"520",16,"Tajae Sharpe",CHI,"48","0","0","25","230","0","0","0","0"
"521",16,"Cole Turner",WAS,"0","0","0","0","0","0","0","0","0"
"522",16,"Hunter Long",MIA,"1.8","0","0","1","8","0","0","0","0"
"523",16,"Andrew Jacas",SF,"0","0","0","0","0","0","0","0","0"
"524",16,"Keith Smith",ATL,"17.7","0","0","9","56","0","9","31","0"
"525",16,"Dwayne Washington",FA,"4.8","0","0","2","12","0","4","16","0"
"526",16,"Brandon Zylstra",FA,"49","0","0","18","250","1","0","0","0"
"527",16,"KhaDarel Hodge",ATL,"30.7","0","0","13","157","0","0","0","0"
"528",16,"Tyron Johnson",LV,"3.6","0","0","2","16","0","0","0","0"
"529",16,"Nick Boyle",BAL,"1.2","0","0","1","2","0","0","0","0"
"530",16,"David Sills V",NYG,"3.7","0","0","2","17","0","0","0","0"
"531",16,"Cam Sims",WAS,"48.8","0","0","15","211","2","1","7","0"
"532",16,"Zonovan Knight",NYJ,"0","0","0","0","0","0","0","0","0"
"533",16,"Ross Dwelley",SF,"15.1","0","0","4","51","1","0","0","0"
"534",16,"Scotty Miller",TB,"19.1","0","0","5","38","0","2","43","1"
"535",16,"Johnny Mundt",MIN,"1.9","0","0","1","9","0","0","0","0"
"536",16,"Mike Thomas",CIN,"10.2","0","0","5","52","0","0","0","0"
"537",16,"DeAndre Carter",LAC,"86.5","0","0","24","296","3","10","89","0"
"538",16,"Jakob Johnson",LV,"8.3","0","0","4","43","0","0","0","0"
"539",16,"Chester Rogers",FA,"65","0","0","30","301","1","1","9","0"
"540",16,"Cyril Grayson Jr.",FA,"44.6","0","0","10","212","2","1","14","0"
"541",16,"Marcedes Lewis",GB,"44.4","0","0","23","214","0","0","0","0"
"542",16,"Dezmon Patmon",IND,"10.1","0","0","2","21","1","0","0","0"
"543",16,"Kendall Hinton",DEN,"38.54","0","0","15","175","1","0","0","0"
"544",16,"Patrick Taylor Jr.",GB,"17.2","0","0","2","3","0","23","89","1"
"545",16,"Kendall Blanton",KC,"7.7","0","0","4","37","0","0","0","0"