"PPR_POS_RK",PPR_POS_TIERS,"PLAYER NAME",TEAM,"PPR_FAN PTS","REC_TGT","REC","REC_YDS","REC_TDS","RUSH_ATT","RUSH_YDS","RUSH_TDS"
"1",1,"Justin Jefferson",MIN,"330.4","167","108","1616","10","6","14","0"
"2",1,"Cooper Kupp",LAR,"439.5","191","145","1947","16","4","18","0"
"3",1,"Ja'Marr Chase",CIN,"304.6","128","81","1455","13","7","21","0"
"4",1,"Stefon Diggs",BUF,"285.5","164","103","1225","10","0","0","0"
"5",2,"Davante Adams",LV,"344.3","169","123","1553","11","0","0","0"
"6",2,"CeeDee Lamb",DAL,"232.8","120","79","1102","6","9","76","0"
"7",2,"Tyreek Hill",MIA,"296.5","159","111","1239","9","9","96","0"
"8",2,"Mike Evans",TB,"262.5","114","74","1035","14","1","10","0"
"9",2,"Keenan Allen",LAC,"257.8","157","106","1138","6","0","0","0"
"10",3,"Michael Pittman Jr.",IND,"238.6","129","88","1082","6","5","44","0"
"11",3,"Deebo Samuel",SF,"338.96","121","77","1405","6","59","365","8"
"12",3,"A.J. Brown",PHI,"180.9","105","63","869","5","2","10","0"
"13",3,"Tee Higgins",CIN,"219.1","110","74","1091","6","0","0","0"
"14",3,"DJ Moore",CAR,"237.5","163","93","1157","4","8","48","0"
"15",3,"Diontae Johnson",PIT,"274.4","169","107","1161","8","5","53","0"
"16",3,"Jaylen Waddle",MIA,"245.8","140","104","1015","6","2","3","1"
"17",3,"Mike Williams",LAC,"246.6","129","76","1146","9","0","0","0"
"18",3,"Courtland Sutton",DEN,"150.24","98","58","776","2","0","0","0"
"19",4,"Terry McLaurin",WAS,"213.5","130","77","1053","5","1","12","0"
"20",4,"Brandin Cooks",HOU,"231.8","134","90","1037","6","2","21","0"
"21",4,"Allen Robinson II",LAR,"87","66","38","410","1","0","0","0"
"22",4,"DK Metcalf",SEA,"244.3","129","75","967","12","1","6","0"
"23",4,"Marquise Brown",ARI,"226.3","146","91","1008","6","1","5","0"
"24",4,"Darnell Mooney",CHI,"219.7","140","81","1055","4","6","32","1"
"25",4,"Amon-Ra St. Brown",DET,"227.3","119","90","912","5","7","61","1"
"26",4,"Michael Thomas",NO,"0","0","0","0","0","0","0","0"
"27",4,"Rashod Bateman",BAL,"103.5","68","46","515","1","0","0","0"
"28",4,"Jerry Jeudy",DEN,"85","56","38","467","0","2","3","0"
"29",4,"Chris Godwin",TB,"242.4","127","98","1103","5","4","21","1"
"30",5,"JuJu Smith-Schuster",KC,"34.8","28","15","129","0","3","9","1"
"31",5,"Amari Cooper",CLE,"202.5","104","68","865","8","0","0","0"
"32",5,"Gabriel Davis",BUF,"125.9","63","35","549","6","0","0","0"
"33",5,"Elijah Moore",NYJ,"138.2","77","43","538","5","5","54","1"
"34",5,"Adam Thielen",MIN,"199.8","95","67","726","10","1","2","0"
"35",5,"Hunter Renfrow",LV,"259.1","128","103","1038","9","3","3","0"
"36",5,"Brandon Aiyuk",SF,"170.3","84","56","826","5","5","17","0"
"37",5,"DeVonta Smith",PHI,"185.6","104","64","916","5","0","0","0"
"38",5,"Christian Kirk",JAC,"207.62","103","77","982","5","1","11","0"
"39",5,"Drake London",ATL,"0","0","0","0","0","0","0","0"
"40",5,"Allen Lazard",GB,"142.5","60","40","513","8","3","32","0"
"41",5,"Tyler Lockett",SEA,"241.4","107","73","1175","8","2","9","0"
"42",6,"Robert Woods",TEN,"137.2","69","45","556","4","8","46","1"
"43",6,"DeAndre Hopkins",ARI,"147.2","64","42","572","8","0","0","0"
"44",6,"Kadarius Toney",NYG,"82.36","57","39","420","0","3","6","0"
"45",6,"Chris Olave",NO,"0","0","0","0","0","0","0","0"
"46",6,"Chase Claypool",PIT,"166.6","105","59","860","2","14","96","0"
"47",6,"Tyler Boyd",CIN,"183.84","94","67","828","5","2","22","0"
"48",6,"Jakobi Meyers",NE,"186.3","126","83","866","2","1","9","0"
"49",6,"Treylon Burks",TEN,"0","0","0","0","0","0","0","0"
"50",6,"Garrett Wilson",NYJ,"0","0","0","0","0","0","0","0"
"51",6,"Russell Gage",TB,"163","94","66","770","4","0","0","0"
"52",6,"Skyy Moore",KC,"0","0","0","0","0","0","0","0"
"53",6,"George Pickens",PIT,"0","0","0","0","0","0","0","0"
"54",6,"Rondale Moore",ARI,"109.1","64","54","435","1","18","76","0"
"55",6,"Marquez Valdes-Scantling",KC,"87","55","26","430","3","0","0","0"
"56",6,"DeVante Parker",NE,"103.5","73","40","515","2","0","0","0"
"57",6,"Michael Gallup",DAL,"91.5","62","35","445","2","0","0","0"
"58",6,"Jarvis Landry",NO,"133","87","52","570","2","6","40","2"
"59",7,"Jahan Dotson",WAS,"0","0","0","0","0","0","0","0"
"60",7,"DJ Chark Jr.",DET,"34.4","22","7","154","2","0","0","0"
"61",7,"Julio Jones",TB,"80.4","48","31","434","1","0","0","0"
"62",7,"Nico Collins",HOU,"83.6","60","33","446","1","0","0","0"
"63",7,"Kenny Golladay",NYG,"89.1","76","37","521","0","0","0","0"
"64",7,"Joshua Palmer",LAC,"92.9","49","33","353","4","1","6","0"
"65",7,"Robbie Anderson",CAR,"138.5","110","53","519","5","3","36","0"
"66",7,"K.J. Osborn",MIN,"158.5","82","50","655","7","1","10","0"
"67",7,"Jalen Tolbert",DAL,"0","0","0","0","0","0","0","0"
"68",7,"Mecole Hardman",KC,"140.9","83","59","693","2","8","46","0"
"69",7,"Corey Davis",NYJ,"105.2","59","34","492","4","0","0","0"
"70",7,"Marvin Jones Jr.",JAC,"180.2","120","73","832","4","0","0","0"
"71",7,"Van Jefferson",LAR,"168.2","89","50","802","6","2","20","0"
"72",7,"Christian Watson",GB,"0","0","0","0","0","0","0","0"
"73",7,"Wan'Dale Robinson",NYG,"0","0","0","0","0","0","0","0"
"74",7,"Jameson Williams",DET,"0","0","0","0","0","0","0","0"
"75",7,"Isaiah McKenzie",BUF,"52.5","26","20","178","1","9","47","1"
"76",7,"Parris Campbell",IND,"32.2","20","10","162","1","0","0","0"
"77",7,"KJ Hamler",DEN,"12.4","10","5","74","0","0","0","0"
"78",7,"Jamison Crowder",BUF,"109.7","71","51","447","2","0","0","0"
"79",7,"Alec Pierce",IND,"0","0","0","0","0","0","0","0"
"80",7,"Curtis Samuel",WAS,"9.8","9","6","27","0","4","11","0"
"81",7,"Donovan Peoples-Jones",CLE,"109.7","58","34","597","3","0","0","0"
"82",8,"David Bell",CLE,"0","0","0","0","0","0","0","0"
"83",8,"Sterling Shepard",NYG,"77.7","53","36","366","1","1","-9","0"
"84",8,"Kendrick Bourne",NE,"180.5","70","55","800","5","12","125","0"
"85",8,"A.J. Green",ARI,"156.8","92","54","848","3","0","0","0"
"86",8,"Zay Jones",JAC,"105.9","70","47","546","1","2","3","0"
"87",8,"Romeo Doubs",GB,"0","0","0","0","0","0","0","0"
"88",8,"Terrace Marshall Jr.",CAR,"32.8","30","17","138","0","0","0","0"
"89",8,"Braxton Berrios",NYJ,"121.1","65","46","431","2","7","40","2"
"90",8,"Laviska Shenault Jr.",CAR,"127","100","63","619","0","11","41","0"
"91",8,"Byron Pringle",CHI,"126.8","60","42","568","5","0","0","0"
"92",8,"Randall Cobb",GB,"93.6","39","28","375","5","1","1","0"
"93",8,"Sammy Watkins",GB,"70.4","49","27","394","1","0","0","0"
"94",8,"Bryan Edwards",ATL,"109.1","59","34","571","3","1","0","0"
"95",8,"Cedrick Wilson Jr.",MIA,"147.82","61","45","602","6","2","11","0"
"96",8,"Nelson Agholor",NE,"103.4","64","37","473","3","3","11","0"
"97",8,"Marquez Callaway",NO,"151.8","84","46","698","6","0","0","0"
"98",8,"Quez Watkins",PHI,"116","62","43","647","1","1","3","0"
"99",8,"Josh Reynolds",DET,"80.6","49","29","396","2","0","0","0"
"100",8,"Darius Slayton",NYG,"68.6","58","26","339","2","1","-13","0"
"101",8,"Tre'Quan Smith",NO,"87.7","50","32","377","3","0","0","0"
"102",8,"Jalen Reagor",MIN,"78.1","57","33","299","2","10","32","0"
"103",9,"Velus Jones Jr.",CHI,"0","0","0","0","0","0","0","0"
"104",9,"Quintez Cephus",DET,"49.4","22","15","204","2","0","0","0"
"105",9,"Dyami Brown",WAS,"28.1","25","12","165","0","1","-4","0"
"106",9,"Nick Westbrook-Ikhine",TEN,"107.6","57","38","476","4","0","0","0"
"107",9,"William Fuller V",FA,"8.6","8","4","26","0","0","0","0"
"108",9,"Devin Duvernay",BAL,"77.2","47","33","272","2","7","50","0"
"109",9,"Odell Beckham Jr.",FA,"129.1","82","44","537","5","2","14","0"
"110",9,"Kyle Philips",TEN,"0","0","0","0","0","0","0","0"
"111",9,"Khalil Shakir",BUF,"0","0","0","0","0","0","0","0"
"112",9,"James Proche II",BAL,"36.2","20","16","202","0","0","0","0"
"113",9,"Jalen Guyton",LAC,"97.2","48","31","448","3","7","34","0"
"114",9,"Emmanuel Sanders",FA,"131.7","72","42","626","4","2","31","0"
"115",9,"Amari Rodgers",GB,"9.6","8","4","45","0","1","11","0"
"116",9,"Demarcus Robinson",BAL,"69.4","41","25","264","3","0","0","0"
"117",9,"Calvin Austin III",PIT,"0","0","0","0","0","0","0","0"
"118",9,"Tyquan Thornton",NE,"0","0","0","0","0","0","0","0"
"119",9,"Cole Beasley",FA,"159.3","112","82","693","1","0","0","0"
"120",9,"Olamide Zaccheaus",ATL,"89.8","53","31","406","3","1","2","0"
"121",9,"Danny Gray",SF,"0","0","0","0","0","0","0","0"
"122",10,"James Washington",DAL,"65.8","44","24","285","2","2","13","0"
"123",10,"Rashard Higgins",CAR,"57.5","47","24","275","1","0","0","0"
"124",10,"T.Y. Hilton",FA,"74.1","37","23","331","3","0","0","0"
"125",10,"Equanimeous St. Brown",CHI,"20.2","17","9","98","0","3","14","0"
"126",10,"Jauan Jennings",SF,"82.2","38","24","282","5","0","0","0"
"127",10,"Noah Brown",DAL,"34.4","25","16","184","0","0","0","0"
"128",10,"Anthony Schwartz",CLE,"33.4","23","10","135","1","6","39","0"
"129",10,"Dee Eskridge",SEA,"28.3","20","10","64","1","4","59","0"
"130",10,"Zach Pascal",PHI,"94.5","69","38","384","3","2","21","0"
"131",10,"Tyler Johnson",HOU,"72","55","36","360","0","0","0","0"
"132",10,"John Metchie III",HOU,"0","0","0","0","0","0","0","0"
"133",10,"Ashton Dulin",IND,"45.5","22","13","173","2","3","32","0"
"134",10,"Tutu Atwell",LAR,"0","0","0","0","0","0","0","0"
"135",10,"Deonte Harty",NO,"113.1","59","36","570","3","5","41","0"
"136",10,"Chris Conley",HOU,"64.6","37","22","323","2","1","3","0"
"137",10,"Tylan Wallace",BAL,"4.3","6","2","23","0","0","0","0"
"138",10,"Laquon Treadwell",FA,"82.4","51","33","434","1","0","0","0"
"139",10,"Denzel Mims",NYJ,"21.3","23","8","133","0","0","0","0"
"140",10,"Justin Watson",KC,"0","0","0","0","0","0","0","0"
"141",10,"Jamal Agnew",JAC,"76","39","24","229","1","7","111","1"
"142",10,"Mack Hollins",LV,"60.3","28","14","223","4","0","0","0"
"143",10,"Ben Skowronek",LAR,"24.3","20","11","133","0","0","0","0"
"144",10,"Phillip Dorsett II",HOU,"18","14","7","110","0","1","0","0"
"145",10,"Ihmir Smith-Marsette",FA,"28.6","6","5","116","2","0","0","0"
"146",10,"N'Keal Harry",CHI,"28.4","22","12","184","0","0","0","0"
"147",10,"Antoine Wesley",ARI,"57.8","32","19","208","3","0","0","0"
"148",10,"Kalif Raymond",DET,"132.4","71","48","576","4","4","28","0"
"149",10,"Keelan Cole Sr.",FA,"78.9","51","28","449","1","0","0","0"
"150",10,"Erik Ezukanma",MIA,"0","0","0","0","0","0","0","0"
"151",10,"Breshad Perriman",TB,"33.4","18","11","167","1","1","-3","0"
"152",10,"Chris Moore",HOU,"55.7","22","21","227","2","0","0","0"
"153",10,"Ray-Ray McCloud",SF,"66.2","66","39","277","0","2","15","0"
"154",10,"Miles Boykin",PIT,"1.6","1","1","6","0","0","0","0"
"155",10,"Freddie Swain",FA,"86.5","40","25","343","4","5","32","0"
"156",11,"Simi Fehoko",DAL,"0","0","0","0","0","0","0","0"
"157",11,"Damiere Byrd",ATL,"64.9","38","26","329","1","0","0","0"
"158",11,"DeAndre Carter",LAC,"86.5","44","24","296","3","10","89","0"
"159",11,"Antonio Brown",FA,"121.1","62","42","545","4","1","6","0"
"160",11,"Cam Sims",WAS,"48.8","23","15","211","2","1","7","0"
"161",11,"Dez Fitzpatrick",TEN,"15.9","8","5","49","1","0","0","0"
"162",11,"Demetric Felton Jr.",CLE,"0","0","0","0","0","0","0","0"
"163",11,"Jaelon Darden",TB,"11.4","12","6","43","0","1","11","0"
"164",11,"Scotty Miller",TB,"19.1","9","5","38","0","2","43","1"
"165",11,"Shi Smith",CAR,"16.1","11","6","104","0","1","-3","0"
"166",11,"KhaDarel Hodge",ATL,"30.7","27","13","157","0","0","0","0"
"167",11,"Dezmon Patmon",IND,"10.1","4","2","21","1","0","0","0"
"168",11,"Lance McCutcheon",LAR,"0","0","0","0","0","0","0","0"
"169",11,"Auden Tate",FA,"12.9","4","3","39","1","0","0","0"
"170",11,"Tyrell Williams",FA,"3.4","3","2","14","0","0","0","0"
"171",11,"DeSean Jackson",FA,"75.8","34","20","454","2","1","4","0"
"172",11,"Tajae Sharpe",CHI,"48","37","25","230","0","0","0","0"
"173",11,"Montrell Washington",DEN,"0","0","0","0","0","0","0","0"
"174",11,"Trent Sherfield",MIA,"23.7","20","9","87","1","0","0","0"
"175",11,"Mike Strachan",IND,"4.6","3","2","26","0","0","0","0"
"176",11,"Jeff Smith",NYJ,"19.2","17","8","113","0","1","-1","0"
"177",11,"Preston Williams",FA,"13.8","16","6","71","0","1","7","0"
"178",11,"Dante Pettis",CHI,"25.34","16","10","87","1","0","0","0"
"179",11,"Greg Dortch",ARI,"6.9","3","3","15","0","1","24","0"
"180",11,"Bo Melton",SEA,"0","0","0","0","0","0","0","0"
"181",11,"Justyn Ross",KC,"0","0","0","0","0","0","0","0"
"182",11,"Tyron Johnson",LV,"3.6","5","2","16","0","0","0","0"
"183",11,"Mike Thomas",CIN,"10.2","11","5","52","0","0","0","0"
"184",11,"Jalen Nailor",MIN,"0","0","0","0","0","0","0","0"
"185",11,"Kendall Hinton",DEN,"38.54","23","15","175","1","0","0","0"
"186",11,"Richie James Jr.",NYG,"0","0","0","0","0","0","0","0"
"187",11,"Andy Isabella",ARI,"2.3","1","1","13","0","0","0","0"
"188",11,"Marquise Goodwin",SEA,"57.2","40","20","313","1","2","-1","0"
"189",11,"Stanley Morgan Jr.",CIN,"3.4","4","2","11","0","1","3","0"
"190",11,"Cyril Grayson Jr.",FA,"44.6","12","10","212","2","1","14","0"
"191",11,"Gunner Olszewski",PIT,"6","3","2","31","0","1","9","0"
"192",11,"Trent Taylor",CIN,"6.1","3","2","41","0","0","0","0"
"193",12,"Lil'Jordan Humphrey",NE,"49.9","18","13","249","2","0","0","0"
"194",12,"Lynn Bowden Jr.",NE,"0","0","0","0","0","0","0","0"
"195",12,"Samori Toure",GB,"0","0","0","0","0","0","0","0"
"196",12,"Josh Gordon",TEN,"14.2","14","5","32","1","0","0","0"
"197",12,"Jody Fortson",KC,"0","0","0","0","0","0","0","0"
"198",12,"Jake Kumerow",BUF,"4.8","6","2","28","0","0","0","0"
"199",12,"Brandon Zylstra",FA,"49","25","18","250","1","0","0","0"
"200",12,"Travis Fulgham",GB,"0","0","0","0","0","0","0","0"
"201",12,"Andre Roberts",CAR,"8.4","2","1","35","0","3","19","0"
"202",12,"Marcus Johnson",FA,"24.8","19","9","160","0","2","-2","0"
"203",12,"Seth Williams",FA,"4.4","1","1","34","0","0","0","0"
"204",12,"Penny Hart",SEA,"12.9","12","7","59","0","0","0","0"
"205",12,"Dax Milne",WAS,"15.4","14","9","83","0","1","1","0"
"206",12,"Racey McMath",TEN,"0.8","6","2","8","0","0","0","0"
"207",12,"Malik Turner",SF,"44.9","16","12","149","3","0","0","0"
"208",12,"C.J. Board",NYG,"9.7","6","4","51","0","1","6","0"
"209",12,"Dennis Houston",DAL,"0","0","0","0","0","0","0","0"
"210",12,"David Sills V",NYG,"3.7","6","2","17","0","0","0","0"
"211",12,"Keke Coutee",IND,"1.5","1","1","5","0","0","0","0"
"212",12,"Brandon Powell",LAR,"6","0","0","0","0","0","0","0"
"213",12,"Cody Hollister",TEN,"7.3","7","4","33","0","0","0","0"
"214",12,"Juwann Winfree",FA,"11.8","13","8","58","0","0","0","0"
"215",12,"Cameron Batson",ATL,"11","5","2","15","1","2","15","0"
"216",12,"Tim Jones",JAC,"0","0","0","0","0","0","0","0"
"217",12,"Dareke Young",SEA,"0","0","0","0","0","0","0","0"
"218",12,"Cornell Powell",KC,"0","0","0","0","0","0","0","0"
"219",12,"Chester Rogers",FA,"65","43","30","301","1","1","9","0"
"220",12,"Kristian Wilkerson",NE,"20.2","8","4","42","2","0","0","0"
"221",12,"DJ Turner",LV,"0","0","0","0","0","0","0","0"
"222",12,"Nsimba Webster",CHI,"0","0","0","0","0","0","0","0"
"223",12,"Jaylon Moore",NYG,"0","0","0","0","0","0","0","0"
"224",12,"Britain Covey",PHI,"0","0","0","0","0","0","0","0"
"225",12,"Tom Kennedy",DET,"18.4","10","6","54","0","0","0","0"
"226",12,"KaVontae Turpin",DAL,"0","0","0","0","0","0","0","0"
"227",12,"Greg Ward",PHI,"34.58","11","7","95","3","0","0","0"
"228",12,"Mohamed Sanu Sr.",FA,"32.7","24","15","177","0","0","0","0"
"229",12,"Kirk Merritt",NO,"2.3","3","1","13","0","0","0","0"
"230",12,"Frank Darby",ATL,"2.4","4","1","14","0","0","0","0"
"231",12,"Tanner Gentry",BUF,"0","0","0","0","0","0","0","0"
"232",12,"Jason Moore Jr.",LAC,"8.6","4","3","56","0","0","0","0"
"233",12,"Alex Erickson",WAS,"8.5","4","3","55","0","0","0","0"
"234",12,"Marquez Stevenson",BUF,"0","0","0","0","0","0","0","0"
"235",12,"Steven Sims Jr.",PIT,"0","0","0","0","0","0","0","0"
"236",12,"Ja'Marcus Bradley",FA,"10.4","4","4","64","0","0","0","0"
"237",13,"Lawrence Cager",NYJ,"0","0","0","0","0","0","0","0"
"238",13,"Joe Reed",LAC,"0","0","0","0","0","0","0","0"
"239",13,"Albert Wilson",FA,"48","39","25","213","0","4","17","0"
"240",13,"Trenton Irwin",CIN,"5.4","5","2","34","0","0","0","0"
"241",13,"Javon Wims",FA,"0","0","0","0","0","0","0","0"
"242",13,"Trinity Benson",FA,"20.3","22","10","103","0","0","0","0"
"243",13,"Jalen Virgil",DEN,"0","0","0","0","0","0","0","0"
"244",13,"Kevin Austin Jr.",JAC,"0","0","0","0","0","0","0","0"
"245",13,"Geronimo Allison",FA,"0","2","0","0","0","0","0","0"
"246",13,"Cody White",PIT,"8.3","6","5","33","0","0","0","0"
"247",13,"Charleston Rambo",FA,"0","0","0","0","0","0","0","0"
"248",13,"Malik Taylor",GB,"1.4","3","2","14","0","0","0","0"
"249",13,"Michael Woods II",FA,"0","0","0","0","0","0","0","0"
"250",13,"Tyler Vaughns",FA,"0","0","0","0","0","0","0","0"
"251",13,"Kwamie Lassiter II",CIN,"0","0","0","0","0","0","0","0"
"252",13,"Johnny Johnson III",HOU,"0","0","0","0","0","0","0","0"
"253",13,"Michael Bandy",LAC,"0","0","0","0","0","0","0","0"
"254",13,"Binjimen Victor",BAL,"0","0","0","0","0","0","0","0"
"255",13,"Tyrie Cleveland",DEN,"0","1","0","0","0","0","0","0"
"256",13,"Dazz Newsome",FA,"4.3","5","2","23","0","0","0","0"
"257",13,"Isaiah Coulter",CHI,"0","1","0","0","0","0","0","0"
"258",13,"Marken Michel",WAS,"0","0","0","0","0","0","0","0"
"259",13,"Jared Bernhardt",ATL,"0","0","0","0","0","0","0","0"
"260",13,"Cody Thompson",SEA,"0","0","0","0","0","0","0","0"
"261",13,"Brandon Johnson",DEN,"0","0","0","0","0","0","0","0"
"262",13,"Tre Nixon",NE,"0","0","0","0","0","0","0","0"
"263",13,"Reggie Roberson Jr.",FA,"0","0","0","0","0","0","0","0"
"264",13,"Devon Allen",PHI,"0","0","0","0","0","0","0","0"
"265",13,"Makai Polk",BAL,"0","0","0","0","0","0","0","0"
"266",13,"T.J. Vasher",FA,"0","0","0","0","0","0","0","0"
"267",13,"Isaiah Weston",FA,"0","0","0","0","0","0","0","0"
"268",13,"River Cracraft",MIA,"0","0","0","0","0","0","0","0"
"269",13,"Jontre Kirklin",ARI,"0","0","0","0","0","0","0","0"
"270",13,"J.J. Arcega-Whiteside",SEA,"5.6","5","2","36","0","0","0","0"
"271",13,"D.J. Montgomery",FA,"6.6","6","3","36","0","0","0","0"
"272",13,"Christian Blake",FA,"6.5","10","4","25","0","0","0","0"
"273",13,"KeeSean Johnson",FA,"0","0","0","0","0","0","0","0"
"274",13,"Dan Chisena",MIN,"0","0","0","0","0","0","0","0"
"275",13,"Kyric McGowan",WAS,"0","0","0","0","0","0","0","0"
"276",13,"Matthew Slater",NE,"0","0","0","0","0","0","0","0"
"277",13,"Mason Kinsey",TEN,"0","0","0","0","0","0","0","0"
"278",13,"DeMichael Harris",FA,"0","0","0","0","0","0","0","0"
"279",13,"Jalen Camp",HOU,"0","0","0","0","0","0","0","0"
"280",13,"Drew Estrada",HOU,"0","0","0","0","0","0","0","0"
"281",13,"Devin Funchess",FA,"0","0","0","0","0","0","0","0"
"282",14,"Tanner Conner",MIA,"0","0","0","0","0","0","0","0"
"283",14,"JaVonta Payton",FA,"0","0","0","0","0","0","0","0"
"284",14,"Rashid Shaheed",NO,"0","0","0","0","0","0","0","0"
"285",14,"Alex Bachman",FA,"-0.3","0","0","0","0","1","-3","0"
"286",14,"Tarik Black",NYJ,"2","2","1","10","0","0","0","0"
"287",14,"Deven Thompkins",TB,"0","0","0","0","0","0","0","0"